nama,keterangan
BIO ATP 10 STR @10 TAB,BIO ATP 10 STR @10 TAB
VALSARTAN 80 MG 5 STR @ 6 TAB,VALSARTAN
DIAPET 25 STRIP@4CAPSULE,MENGURANGI FREKUENSI BUANG AIR BESAR
OSTELOX 7.5 MG TAB,OSTELOX 7.5 MG TAB
GLUCOPHAGE XR 500 MG 15 STR @ 8 TAB,METFORMIN (DIABETES)
LIPANTHYL SUPRA 160 MG 3 STR @ 10 TAB,FENOFIBRATE (TRIGLISERIDA)
ONDANSENTRON NOVELL 4 MG TAB,ONDANSENTRON NOVELL 4 MG TAB
KETESSE 25 MG 5 STR @ 10 TAB,"DEXKETOPROFEN (NYERI, SAKIT GIGI, NYERI PASCA OPERASI)"
FARGOXIN 0.25 MG 10 STR @ 10 TAB,DIGOXIN
CPG 75 MG 3 STR @ 10 TAB KF,CLOPIDOGREL
CRAVIT 500 MG 1 STR @ 10 TAB,LEVOFLOXACIN
TELFAST HD 180 MG 1 STR @ 10 TAB,FEXOFENADINE (ALERGI)
KENDARON 200MG 3 STR @ 10 TAB,KENDARON 200MG (30TAB)
OSKADRYL EXTRA DUS 25 STRIP @ 4 TAB,OSKADRYL EXTRA DUS 25 STRIP @ 4 TAB
MELOXICAM 15 NOVELL 5 x 10 tab,MELOXICAM 15 NOVELL 5 x 10 tab
ADALAT OROS 30 MG 3 STR @ 10 TAB,NIFEDIPINE
SPIRONOLACTONE 25 MG 10 STR @ 10 TAB DEXA,SPIRONOLACTONE 25 MG 10 STR @ 10 TAB DEXA
METHYLPREDNISOLONE 4 MG NOVELL BOX 10 STR @ 10 TAB,METHYLPREDNISOLONE 4 MG NOVELL BOX 10 STR @ 10 TAB
ALPARA CAP BOX 10 STR @ 10 CAP,ALPARA
COMBANTRIN 250 MG 25 STR @ 2 tab,OBAT CACING
AMBROXOL 30 MG BERNO BOX 10 STR @ 10 TAB,AMBROXOL 30 MG BERNO BOX 10 STR @ 10 TAB
GLUCOPHAGE 500 MG 10 STR @ 10 TAB,METFORMIN (DIABETES)
MICARDIS 80 MG 2 STR @ 10 TAB,TELMISARTAN (HYPERTENSI)
CONCOR 5 MG 10 STR @ 10 TAB,BISOPROLOL (JANTUNG)
FORRES 50 MG 5 STR @ 10 TAB,ESPERISONE (RELAKSASI OTOT)
ARCOXIA 120 MG 5 STP @ 10 TAB,ARCOXIA 120 MG 5 STP @ 10 TAB
BREAST PUMP YOUNG YOUNG + BOTTLE TYPE 302,BREAST PUMP YOUNG YOUNG + BOTTLE TYPE 302
ZYLORIC 100 MG 20 STR @ 10 TAB,ALLOPURINOL (ASAM URAT)
HUFAMAG PLUS 10 STR @10 TAB,HUFAMAG PLUS 10 STR @10 TAB
NEO ENTROSTOP BOX 2 STR @ 10 TAB,NEO ENTROSTOP BOX 2 STR @ 10 TAB
KOYO CABE 55 MM x 45 MM BKS 10 PCS,KOYO CABE
FORMYCO 5 STR @ 10 TAB,FORMYCO TAB
NEUROVIT-E @ 6 STRIP,MULTIVITAMIN
XEPAZYM 50 TAB,PANCREATIN
CAPTOPRIL 50 MG 10 STR @ 10 TAB IF,HYPERTENSI
LANSOPRAZOLE 30MG HEXPHARM BOX 2 STR @ 10 TAB,LANSOPRAZOLE 30MG HEXPHARM BOX 2 STR @ 10 TAB
"BODREX TAB 500MG BOX, 2 STR @ 10 TAB",OBAT ANALGESIK
COTRIMOXAZOLE 480 MG 10 STR  @ 10 TAB KF,ANTI INFEKSI SALURAN PERNAPASAN
ANAKONIDIN HERBAL SYRUP  30ML,HERBAL
BRAINACT 500 MG ORAL 3 STR @ 10 TAB,CITICOLINE
RIMACTANE 450 MG 10 STR @ 10 KAP,ANTIBIOTIK
SIMVASTATIN 10MG TAB DEXA ISI 5 @10 TABLET,SIMVASTATIN 10MG TAB DEXA ISI 5 @10 TABLET
ZORALIN 200 MG 10 STR @ 10 TAB,KETOCONAZOLE
PRIMPERAN 10 MG 10 STR @ 10 TAB,"METOCLOPRAMIDE (MUAL, MUNTAH)"
GLUCOVANCE 500 MG / 5 MG 10 STR @ 10 TAB,METFORMIN GLIBENCLAMIDE (DIABETES)
ARCOXIA 90 MG 3 STR @ 10 TAB,ETORICOXIB
KALTROFEN EC 100 MG TAB,KALTROFEN EC 100 MG TAB
MICROLUT STRIP @35 TAB,MICROLUT STRIP @35 TAB
CONCOR 2.5 MG 10 STR @ 10 TAB,BISOPROLOL (JANTUNG)
DIOVAN 80 MG 2 STR @ 14 TAB,VALSARTAN (HYPERTENSI)
NORELUT 5 MG 5 STR @10 TAB,NORELUT 5 MG 5 STR @10 TAB
DIVASK 10 MG 3 STR @ 10 TAB,AMLODIPINE (HYPERTENSI)
DOMPERIDONE 10MG 10 STR @ 10 TAB IF,MUAL MUNTAH
NEULIN PS 5 STR @ 6 TAB,CHOLINE CITRATE (SARAF)
MINYAK KAYU PUTIH SIDOLA 100ML,"MEREDKAN SAKIT PERUT, PERUT KEMBUNG, MUAL, MASUK ANGIN, GATAL GIGITAN, AROMATHERAPY"
NORVASK 10 MG 3 STR @ 10 TAB,AMLODIPINE (HYPERTENSI)
VITACIMIN ORANGE 50 STR @2 TAB,VITACIMIN ORANGE 50 STR @2 TAB
CANDERIN 16 MG 3 STR @ 10 TAB,CANDESARTAN CILEXETIL
GLIMEPIRIDE BERNO 2 MG BOX 10 STR @ 10 TAB,GLIMEPIRIDE BERNO 2 MG BOX 10 STR @ 10 TAB
ILIADIN 0.05% NASAL SPRAY 10 ML DEWASA,MERINGAKAN HIDUNG TERSUMBAT (OBAT SEMPROT HIDUNG)
GLUCOVANCE 500 MG / 2.5 MG 10 STR @ 10 TAB,METFORMIN GLIBENCLAMIDE (DIABETES)
CLARITIN 10 MG 10 STR @ 10 TAB,LORATADINE (ALERGI)
ASAM MEFENAMAT ERRITA PHARMA 10 STR @ 10 TAB,ASAM MEFENAMAT ERRITA PHARMA 10 x 10
FOLAMIL BOX 25 STR @ 4 TAB,FOLAMIL BOX 25 STR @ 4 TAB
ANTALGIN KIMIA FARMA 500 MG 10 STR @10 TAB,ANTALGIN KIMIA FARMA 500 MG 10 STR @10 TAB
VENTOLIN NEBULES 2.5 MG BOX 4 STR @ 5 BTL,VENTOLIN NEBULES 2.5 MG BOX 4 STR @ 5 BTL
PUYER BINTANG TOEDJOE NO. 16 @120 SCHT,SAKIT KEPALA
MERIT PIL SAC @10 BOX,MERIT PIL SAC @10 BOX
AMOXICILLIN HEXPHARM 500 MG TAB,AMOXICILLIN HEXPHARM 500 MG TAB
CATAFLAM 25 MG 5 STR @ 10 TAB,KALIUM DIKLOFENAK (BENGKAK)
AMARYL M 2 / 500 MG 3 STR @ 10 TAB,GLIMEPIRIDE (DIABETES)
KETOPROFEN NOVELL 100 MG BOX 10 STR @ 10 TAB,KETOPROFEN NOVELL 100 MG BOX 10 STR @ 10 TAB
FLAMAR 25 MG 10 STR @ 10 TAB,"DICLOFENAC SODIUM (REUMATIK, INFLAMASI PD TENDON, OTOT, SENDI)"
PANADOL COLD FLU HIJAU,"GEJALA PILEK, FLU, BATUK"
BRAINACT 1000 MG ORAL 3 STR @ 10 TAB,CITICOLINE
SANTIBI PLUS 10 STR @ 10 TAB,ETHAMBUTOL HCL (ANTIBIOTIK PARU PARU)
GLIMEPIRIDE 1 MG 10 STR @ 10 TAB DEXA,DIABETES
NEO RHEUMACYL NEURO 12 SCHT TAB,MERINGANKAN RASA NYERI ATAU NGILU
FORBETES 500 MG 10 STR @ 10 TAB,METFORMIN
VOLTAREN EC 50 MG TAB,VOLTAREN EC 50 MG TAB
NEURALGIN RX 10 STR @ 10 TAB,ANALGESIK
OSTEOCARE TABLET,MEMELIHARA KESEHATAN TULANG
TENSIVASK 5 MG 5 STR @ 10 TAB,AMLODIPINE (HYPERTENSI)
WOODS LOZENGES ORIGINAL 15 SCHT @6 TAB,WOODS TAB HISAP PEPPERMINT SACHET ORIGINAL 6 TAB
AMOXICILLIN DEXA MEDICA 500 MG 10 STR @10 TABLET,AMOXICILLIN DEXA MEDICA 500 MG 10 STR @10 TABLET
IBUPROFEN 400 MG 10 STR @ 10 TAB,IBUPROFEN 400 MG 10 STR @ 10 TAB
BYE BYE FEVER BAYI BOX @ 10 PCS,BYE BYE FEVER BAYI BOX @ 10 PCS
MALTOFER FOL 5 STR @ 6 TAB,IRON POLYMALTESE
CELESTAMINE 15 STR @ 10 TAB,BETAMETHASONE (ALERGI)
RANITIDINE 150 MG 10 STR @ 10 TAB DEXA,OBAT MAAG
CITICOLINE 500 MG 3 STR @ 10 TAB IF,CITICOLINE 500 MG 3 STR @ 10 TAB IF
PREABOR TAB 5 MG BOX 3 STR @ 10 TAB,PREABOR
NEUROFENAC PLUS 10 STR @ 10 TAB,DICLOFENAC SODIUM (NYERI)
AMLODIPINE 10MG HEXPHARM 3 @10 TABLET,AMLODIPINE 10MG HEXPHARM 3 @10 TABLET
ALLOPURINOL DEXA MEDICA 100 MG @100 TAB,ALLOPURINOL DEXA MEDICA 100 MG @100 TAB
ALLURIC 300 MG 5 STR @10 TAB,ALLURIC 300 MG 5 STR @10 TAB
NEXIUM 20 MG 4 STR @ 7 TAB,ESOMEPRAZOLE (MAAG)
"CANDESARTAN NOVELL PHARM 8MG BOX, 3 STR @ 10 TAB",CANDESARTAN
ASCARDIA 160 MG 10 STR @ 10 TAB,PENGENCER DARAH
FARSORBID 10 MG 10 STR @ 10 TAB,ISOSORBIDE
KETOCONAZOLE 200 MG 5 STR @ 10 TAB DEXA,INFEKSI JAMUR
STREPSIL @12/DUS COOL,STREPSIL @12/DUS COOL
FARMOTEN 25 MG 10 STR @ 10 TAB,CAPTOPRIL (TENSI)
DUVADILAN 20 MG 5 STR @ 10 TAB,ISOKSUPRIN HIDROKLORIDA
RYVEL 10 MG 3 STR @ 10 TAB,CETIRIZINE (ALERGI)
DOXYCYCLINE KF BOX 10 STR @ 10 TAB,DOXYCYCLINE KF BOX 10 STR @ 10 TAB
LATIBET 5 MG 10 STR @10 TAB,LATIBET 5 MG 10 STR @10 TAB
GLIQUIDONE 30 MG 10 STR @ 10 TAB DEXA,DIABETES
ASCARDIA 80 MG 10 STR @ 10 TAB,ASPIRIN (PENGENCER DARAH)
LEVOFLOXACIN NOVELL 500 MG 5 STR @10 TAB,LEVOFLOXACIN NOVELL 500 MG 5 STR @10 TAB
KOMIX PEPPERMINT @ 30 SCHT,MEREDAKAN BATUK & MELEGAKAN TENGGOROKAN
EFLAGEN 50 MG 5 STR @ 10 TAB,DIKLOFENAC POTASIUM
NEUROPYRON-V 10 STR @ 10 TAB,METHAMPYRON + B COMPLEX
IMODIUM 2MG TAB ISI 30 TAB,IMODIUM 2MG TAB ISI 30 TAB
CLANEKSI 500MG TAB 5 @6 TAB,CLANEKSI 500MG TAB 5 @6 TAB
TEOSAL 10 STR @ 10 TAB,"SALBUTAMOL, THEOPHYLLINE (ASMA)"
ACYCLOVIR 200MG NOVELL 5 @10TAB,ACYCLOVIR 200MG NOVELL 5 @10TAB
MOLACORT 0.5 MG 10 STR @10 TAB,MOLACORT 0.5 MG 10 STR @10 TAB
NOVALGIN TAB 500 MG BOX 10 STR @ 10 TAB,METAMIZOLE
FLAMAR 50 MG 10 STR @ 10 TAB,"DICLOFENAC SODIUM (REUMATIK, INFLAMASI PD TENDON, OTOT, SENDI)"
EPEXOL 30 MG 10 STR @ 10 TAB,AMBROXOL HCL (BATUK)
KADITIC 50 MG TAB,KADITIC 50 MG TAB
PARAMEX FLU DAN BATUK 25 STR @4 TAB,PARAMEX FLU DAN BATUK 25 STR @4 TAB
RENADINAC 50MG 10 STR @ 10 TAB,DICLOFENAC
MOLAGIT 15 STR @10 TAB,MOLAGIT 15 STR @10 TAB
HOMOCLOMIN 10 MG 10 STR @ 10 TAB,"HOMOCHLORCYCLIZINE (GATAL PADA KULIT, DERMATITIS EKSEMA, PRURITUS, RINITIS ALERGIZ)"
NATUR E 300 iu isi 16 cap,NATUR E 300 isi 4x4
THYROZOL 10 MG 10 STR @ 10 TAB,THIAMAZOLE (TIROID)
METHYLPREDNISOLONE 4 MG 10 STR @ 10 TAB DEXA,RADANG
CEFIXIME NOVELL 100 MG 5 STR @ 10 CAP,CEFIXIME NOVELL 100 MG 5 STR @ 10 CAP
VOLTAREN SR 75 MG 5 STR @ 10 TAB,NATRIUM DIKLOFENAC (BENGKAK)
LAPIBAL 500 MCG BOX 10 STR @ 10 TAB,LAPIBAL 500 MCG BOX 10 STR @ 10 TAB
ERYSANBE 500 MG 10 STR @ 10 TAB,ERYSANBE 500 100cap
AMLODIPINE 10 MG NOVELL 3 STR @ 10 TAB,AMLODIPINE 10 MG NOVELL 3 STR @ 10 TAB
L-BIO @30 SCHT,MEMELIHARA KESEHATAN PENCERNAAN
PROFILAS TAB 1 MG BOX 5 STR @ 10 TAB,KETOTIFEN
KETRICIN 4 MG 10 STR @ 10 TAB,TRIAMCINOLONE
GLIMEPIRIDE 2 MG 10 STR @ 10 TAB DEXA,DIABETES
OSTE FORTE isi 5 strip,MEMELIHARA PERSENDIAN
"CAPTOPRIL 12,5 MG 10 STR @ 10 TAB DEXA",DARAH TINGGI
PHARMATON VIT (10STR X 5 TAB ),MEMBANTU  MEMELIHARA KESEHATAN TUBUH
TOLAK ANGIN TAB @12 STR,MEREDAKAN MASUK ANGIN
FEMINAX NYERI HAID,FEMINAX NYERI HAID
RHINOFED 5 STR @10 TAB,RHINOFED 5 STR @10 TAB
ASPILETS 80 MG TAB CHEW G 10 STR @ 10 TAB,ACETYLSALICYLIC ACID
GLIMEPIRIDE 3 MG NOVEL BOX 5 STR @ 10 TAB,GLIMEPIRIDE 3 MG NOVEL BOX 5 STR @ 10 TAB
EXAFLAM 50 MG BOX 5 STR @ 10 TAB,EXAFLAM 50 MG BOX 5 STR @ 10 TAB
BERRY VISION TAB BOX 10 STR @ 10 TAB,BERRY VISION
HUFAGRIP BP 60ml,HUFAGRIPP BP 60ml
NORVASK 5 MG 3 STR @ 10 TAB,AMLODIPINE (HYPERTENSI)
ALLOPURINOL HEXPHARM 300 MG TAB,ALLOPURINOL HEXPHARM 300 MG TAB
MELOXICAM HEXPHARM TAB 15MG 5 STR @ 10 TAB,MELOXICAM
PRONICY 4 MG 10 STR @ 10 TAB,CYPROHEPTADINE ( (ALERGI)
ERYSANBE 200 MG CHEWABLE 10 STR @ 10 TAB,ERYSANBE 200 CHEWABLE 100tablet
PROPANOLOL DEXA MEDICA 10 MG 10 STR @10 TAB,PROPANOLOL DEXA MEDICA 10 MG 10 STR @10 TAB
AMBEVEN @ 10 STRIP,WASIR
PLANTACID FORTE TABLET isi 10 strip,KALBE
LIPITOR 10 MG 3 STR @ 10 TAB,ATORVASTATIN (KOLESTEROL)
CANDESARTAN CILEXETIL 16 MG NOVELL 3 STR @ 10 TAB,TENSI
VICEE STRAWBERRY @ 100 STR,VICEE STRAWBERRY @ 100 STR
ALLOPURINOL 300MG BERNO 3 @10 TABLET,ALLOPURINOL 300MG BERNO 3 @10 TABLET
CRESTOR 10 MG 2 STR @ 14 TAB,ROSUVASTATIN (KOLESTEROL)
THROMBO ASPILET 80MG 100S TAB,THROMBO ASPILET 80MG 100S TAB
SANPRIMA F 960MG TAB 10 @10 TAB,SANPRIMA F 960MG TAB 10 @10 TAB
IRBESARTAN 300 MG 5 STR @ 10 TAB IF,HYPERTENSI
NUTRAFOR CHOL 12 STR @ 10 TAB,PENURUN KADAR KOLESTEROL
ELKANA @ 10 STRIP,CALCIUM
GLIMEPIRIDE 4 MG 10 STR @ 10 TAB DEXA,DIABETES
LACTO B  (4 X 10 SACH),"PENCERNAAN,DIARE,KEMBUNG DLL"
SILADEX EXP 60ML SYR HIJAU,SILADEX EXP 60ML SYR HIJAU
LIPITOR 40 MG 3 STR @ 10 TAB,ATORVASTATIN (KOLESTEROL)
COBAZIM 1000 MG 25 STR @ 4 TAB,COENZYME B12 1000 MCG
FLUIMUCIL PAED ZAK 100MG 3 @10 TAB,FLUIMUCIL PAED ZAK 100MG 3 @10 TAB
VITACIMIN FRUIT PUNCH,DAYA TAHAN TUBUH
DEGIROL LOZENGES BOX 10 STR @ 4 TAB,DEGIROL LOZENGES BOX 10 STR @ 4 TAB
CO AMOXICLAV 625 MG 5 STR @ 6 TAB IF,ANTIBIOTIK
HEMAVITON ACTION 30 CAP,MEMBANTU MENAMBAH TENAGA DAN KESEGARAN
HERBESSER 30 MG 10 STR @ 10 TAB,DILTIAZEM
VENARON 5 STRIP @4 CAP,VENARON 5 STRIP @4 CAP
CLOPIDOGREL 75 MG 5 STR @ 6 TAB DEXA,PENGENCER DARAH
MELOXICAM DEXA MEDICA 15 MG TAB 5 STR @ 10 TAB,MELOXICAM
VICKS FORMULA 44 SYRUP 27ML,VICKS FORMULA 44 SYRUP 27ML
ENERVON ACTIVE 25 STR @4 TAB,ENERVON ACTIVE 25 STR @4 TAB
SELOXY AA @ 5 STRIP,MEMELIHAT KESEHATAN KULIT
LORATADINE 10 MG TAB 50 TAB NOVELL,LORATADINE TAB 50 TAB NOVELL
PLETAAL 100 MG 3 STR @ 10 TAB,CILOSTAZOL (PENGENCER DARAH)
PURICEMIA 300 MG 10 STR @ 10 TAB,ALLOPURINOL (ASAM URAT)
SARIDON 30 STR @4 TAB,SARIDON 30 STR @4 TAB
KAFLAM 50 MG 3 STR @ 10 TAB,"KALIUM DIKLOFENAT (BENGKAK, INFLAMASI)"
PROVITAL PLUS @10 STR,SUPPLEMEN MAKANAN
DIVASK 5 MG 3 STR @ 10 TAB,AMLODIPINE (HYPERTENSI)
PYREXIN 500 MG 20 STR @10 TAB,PYREXIN 500 MG 20 STR @10 TAB
NEXIUM 40 MG 2 STR @ 7 TAB,ESOMEPRAZOLE (MAAG)
AMARYL 2 MG 5 STR @ 10 TAB,GLIMEPIRIDE (DIABETES)
VBLOC 6.25 MG BOX 3 STR @ 10 TAB,VBLOC 6.25 MG BOX 3 STR @ 10 TAB
POLYCROL 24 STR @10 TAB,POLYCROL 24 STR @10 TAB
MELOXICAM 15 MG BERNO 10 @10TABLET,MELOXICAM 15 MG BERNO 10 @10TABLET
MUCOSTA 100 MG 10 STR @ 10 TAB,"REBAMIPIDE (MUAL, TUKAK LAMBUNG)"
DIOVAN 160 MG 2 STR @ 14 TAB,VALSARTAN (HYPERTENSI)
NEUROSANBE @ 10 STRIP,"VIT B1, VIT B6, VIT B12"
BIOLYSIN TAB 10 STR @ 10 TAB,SUPLEMEN
WAISAN NEW FORMULA 1 G @ 12 SACHET,WAISAN
METFORMIN 850 MG 10 STR @ 10 TAB DEXA,DIABESTES
ANTANGIN JRG CAIR 12 SAC/BOX.,ANTANGIN JRG CAIR 12 SAC/BOX.
VOLTAREN EC 25 MG BOX 5 STR @ 10 TAB,VOLTAREN EC 25 MG BOX 5 STR @ 10 TAB
KETOROLAC 10 MG NOVELL BOX 10 STR @ 10 TAB,KETOROLAC 10 MG NOVELL BOX 10 STR @ 10 TAB
LIPROLAC PWD SAC VAN 30 SCHT @ 2.5 G,LIPROLAC
PARAMEX NYERI OTOT TAB DUS 50 STRIP @4 TAB,PARAMEX NYERI OTOT TAB DUS 50 STRIP @4 TAB
DIAMICRON MR 60 MG 2 STR @ 15 TAB,GLICLAZIDE (DIABETES)
SALBUTAMOL 2mg 10st  x 10 tab KF,SALBUTAMOL 2mg 10st  x 10 tab
DEXTRAL,"BATUK, PILEK"
METHYLPREDNISOLONE 16 MG NOVELL BOX 10 STR @ 10 TAB,METHYLPREDNISOLONE 16 MG NOVELL BOX 10 STR @ 10 TAB
OZEN 10 MG 3 STR @ 10 TAB,CETIRIZINE (ALERGI)
ASAM MEFENAMAT DEXA 500MG BOX 10 STR @ 10 TAB,ASAM MEFENAMAT DEXA 500MG BOX 10 STR @ 10 TAB
PONSTAN 500 MG 10 STR @ 10 TAB,ASAM MEFENAMAT (PENGHILANG RASA SAKIT)
ACYCLOVIR 400MG 5 STR @ 10 TAB NOVELL,ACYCLOVIR 400MG (NOVEL)
FARSORBID 5 MG 10 STR @ 10 TAB,ISOSORBIDE
CHOLESTAT 10 MG 3 STR @ 10 TAB,SIMVASTATIN (KOLESTEROL)
BECOM C TAB @ 10 STRIP,VITAMIN
AMLODIPINE DEXA MEDICA 10 MG 5 STR @10 TAB,AMLODIPINE DEXA MEDICA 10 MG 5 STR @10 TAB
REGUMEN TAB 5 MG BOX 3 STR @ 10 TAB,NORETHISTERONE
CEFIXIME 200 MG 10 STR @ 10 TAB DEXA,CEFIXIME 200mg DEXA isi 100 tab
CURLIV PLUS BOX 6 STR @ 10 TAB,CURLIV PLUS BOX 6 STR @ 10 TAB
HARNAL 0.4MG OCAS 30 TAB,HARNAL 0.4MG OCAS 30 TAB
VITALONG C TABLET @4,VITALONG C TABLET @4
GLIBENCLAMIDE 5 MG 10 STR @ 10 TAB IF,DIABETES
BUSCOPAN 10 STR @ 10 TAB,HYOSCINE N BUTYLBROMIDE
CAPTOPRIL 25 MG 10 STR @ 10 TAB DEXA,HYPERTENSI (DARAH TINGGI)
FASIDOL SYRUP 120 MG/5ML 60 ML,PARACETAMOL
MELOXICAM NOVELL 7.5 MG 5 STR @10 TAB,MELOXICAM NOVELL 7.5 MG 5 STR @10 TAB
KALMETHASONE 0.5 MG 20 STR @ 10 TAB,DEXAMETHASONE
AMARYL 1 MG 5 STR @ 10 TAB,GLIMEPIRIDE (DIABETES)
SURBEX Z 5 STR @ 6 TAB,STAMINA DAYA TAHAN TUBUH
GLUMIN 500 MG 5 STR @10 TAB,GLUMIN 500 MG 5 STR @10 TAB
PHARMATON FORMULA 10 STR @ 5 TAB,STAMINA DAYA TAHAN TUBUH
METHYLPREDNISOLONE 8MG NOVELL BOX 10 STR @ 10 TAB,METHYLPREDNISOLONE 8MG NOVELL BOX 10 STR @ 10 TAB
METFORMIN 850 MG 10 STR @ 10 TAB BERNO,DIABETES
PANADOL EXTRA MERAH,SAKIT KEPALAL MIGRANE
DULCOLAX BISACODYL 5 MG STR @ 4 TAB,DULCOLAX BISACODYL 5 MG STR @ 4 TAB
GRAFACHLOR 4 MG BOX 10 STR @ 10 TAB,GRAFACHLOR 4 MG BOX 10 STR @ 10 TAB
PLASMINEX TAB FLM CTD 500 MG BOX 10 STR @ 10 TAB,ASAM TRANEKSAMAT
BODREX EXTRA 10 STP @ 4 TAB,BODREX EXTRA 10 STP @ 4 TAB
VOLTADEX 50 MG 5 STR @ 10 TAB,DICLOFENAC SODIUM (NYERI)
ARCOXIA 60 MG 3 STR @ 10 TAB,ETORICOXIB
BLOPRESS 8 MG 2 STR @ 7 TAB,CANDESARTAN
AMLODIPINE 5 MG HEXPHARM 5 @10 TABLET,AMLODIPINE 5 MG HEXPHARM 5 @10 TABLET
TERMOREX SIRUP 30 ML,TERMOREX SIRUP 30 ML
DOMPERIDONE 10 MG 5 STR @ 10 TAB NOVELL,"MUAL, MUNTAH"
"PULMICORT RESPULES 0.25MG/ML BOX, 4 PAK @ 5 RESPULES @ 2 ML",BUDESONIDE
MKP LANG 30 ML AROMATERAPY,MKP LANG 30 ML AROMATERAPY
CLOPIDOGREL BISULFATE 75MG ETERCON 1 BOX @ 3 STR @ 10 TAB,CLOPIDOGREL BISULFATE 75MG ETERCON 1 BOX @ 3 STR @ 10 TAB
CRESTOR 20 MG 2 STR @ 14 TAB,ROSUVASTATIN (KOLESTEROL)
SANTA E BOX 25 STR @ 4 TAB,SANTA E BOX 25 STR @ 4 TAB
AMLODIPINE 5 MG BERNO 10 STR @ 10 TAB,HYPERTENSI
CAVIPLEX isi 10 st x 10 tab,multivitamin dan mineral
AMARYL 3 MG 5 STR @ 10 TAB,GLIMEPIRIDE (DIABETES)
PROFERTIL 50 MG 1 STR @ 10 TAB,CLOMIPHENE CITRATE
DALFAROL 200 MG 25 STR @ 4 CAP,D ALPHA TOCOPHEROL
MOLACORT 0.75 MG 10 STR @10 TAB,MOLACORT 0.75 MG 10 STR @10 TAB
SPASMINAL 10 STR @ 10 TAB,METHAMPYRONE (PENGHILANG RASA SAKIT)
ZINKID 20 MG SCHT 10 TAB,ZINKID 20 MG SCHT 10 TAB
MYCORAL 200 MG 5 STR @ 10 TAB,"KETOCONAZOLE (EXZIM, JAMUR)"
AERIUS 5 MG 2 STR @ 15 TAB,DESLORATADINE (ALERGI)
MYLANTA 10 STR @10 TAB,"ASAM LAMBUNG, MAAG, TUKAK LAMBUNG, USUS 12 JARI, MUAL, NYERI LAMBUNG, NYERI ULU HATI"
ETHAMBUTOL BERNOFARM 500MG BOX 10 STR @ 10 TAB,ETHAMBUTOL BERNOFARM 500MG BOX 10 STR @ 10 TAB
INZANA TAB   4 STR,PARACETAMOL
VICEE ORANGE @ 100 STR,VICEE ORANGE @ 100 STR
METRIX 3 MG 2 STR @ 15 TAB,GLIMEPIRIDE (DIABETES)
PARATUSIN TABLET,PARATUSIN TABLET
SANPRIMA 480MG TAB 10 @10 TAB,SANPRIMA 480MG TAB 10 @10 TAB
RECOLFAR 0.5 MG 3 STR @ 10 TAB,COLCHICINE (ASAM URAT)
AMLODIPINE 5 MG NOVELL BOX 3 STR @ 10 TAB,AMLODIPINE 5 MG NOVELL BOX 3 STR @ 10 TAB
ATORVASTATIN DEXA MEDICA 20 MG @ 6 TAB,ATORVASTATIN DEXA MEDICA 20 MG @ 6 TAB
ZYLORIC 300 MG 10 STR @ 10 TAB,ALLOPURINOL (ASAM URAT)
BISOLVON 8 MG 10 STR @4 TAB,BISOLVON 8 MG 10 STR @4 TAB
CAPTOPRIL 25 MG 10 STR @ 10 TAB IF,HYPERTENSI
NEO RHEUMACYL TABLET @24 Strip,"NYERI OTOT, NYERI SENDI"
FLUTAMOL PLUS 10 STR @ 10 CAP,FLUTAMOL PLUS 10 STR @ 10 CAP
ALLOPURINOL 100MG HEXPHARM 10 @10 TABLET,ALLOPURINOL 100MG HEXPHARM 10 @10 TABLET
KALTROFEN EC 50 MG BOX 3 STR @ 10 TAB,KALTROFEN EC 50 MG BOX 3 STR @ 10 TAB
ASTHMA SOHO 25 STR @4 TAB,ASTHMA SOHO
UNALIUM 10 MG 2 STR @ 20 TAB,FLUNARIZINE (PUSING)
MERTIGO 6 MG 10 STR @ 10 TAB,BETAHISTINE MESILATE
ISOSORBIDE DINITRAT NOVELL PHARM TAB 10 MG BOX 6 STR @ 10 TAB,ISOSORBIDE DINITRATE
BODREX MIGRA 25 STR @4 TAB,MERINGANKAN SAKIT KEPALA MIGRAN
ANTIMO ANAK RASA STRAWBERRY 5 ML SYRUP BOX 10 SACHET,ANTIMO ANAK RASA STRAWBERRY 5 ML SYRUP BOX 10 SACHET
SALBUTAMOL 4 MG 100 TAB KF,SALBUTAMOL 4 MG 100 TAB KF
EGOJI ANGGUR 100 ML,"MEMBANTU  MEMELIHARA DAYA TAHAN TUBUH, MENGAKTIFKAN SISTEM KEKEBALAN TUBUH"
ZINC 20 MG BOX 10 STR @ 10 TAB,ZINC 20 MG BOX 10 STR @ 10 TAB
MELOXICAM 7.5 MG 5 STR @ 10 TAB DEXA,REMATIK
GLURENORM 30MG 10 STR @ 10 TAB,GLIQUIDONE (DIABETES)
TREMENZA BOX 10 STR @ 10 TAB,TREMENZA BOX 10 STR @ 10 TAB
SPIROLACTON 100 MG 10 STR @10 TAB,SPIROLACTON 100 MG 10 STR @10 TAB
CONTREXIN 80 MG 25 STR @4 TAB,CONTREXIN 80 MG 25 STR @4 TAB
SIMVASTATIN 20MG KF,SIMVASTATIN 20MG KF
METFORMIN 500MG HEXPHARM  10@10 TAB,METFORMIN 500MG HEXPHARM  10@10 TAB
MELOXICAM 7.5MG TAB HEXPHARM 50TAB,MELOXICAM 7.5MG TAB HEXPHARM 50TAB
VOSEDON 10 MG 10 STR @ 10 TAB,"DOMPERIDONE (MUAL, MUNTAH)"
HERBESSER CD 200 MG 10 STR @ 10 TAB,DILTIAZEM
SANAFLU STR 4 TAB,SANAFLU STR 4 TAB
PRIMPERAN 5 MG 10 STR @ 10 TAB,"METOCLOPRAMIDE (MUAL, MUNTAH)"
FUROSEMIDE 40 MG 10 STR @ 10 TAB IF,TERAPI TAMBAHAN PD EDEMA PARU AKUT
TELFAST OD 120 MG 10 STR @ 10 TAB,FEXOFENADINE HCL (ALERGI)
PROPANOLOL DEXA MEDICA 40 MG 10 STR @10 TAB,PROPANOLOL DEXA MEDICA 40 MG 10 STR @10 TAB
NEUROBION 5000 TAB,NEUROBION 5000 TAB
SANEXON 4 MG 10 STR @ 10 TAB,METHYLPREDNISOLONE
CLAVAMOX 500 MG 3 STR @ 10 TAB,CLAVAMOX
FREGO 10 MG 5 STR @ 10 TAB,FLUNARIZINE (MIGREN)
CEFIXIME 200 MG NOVELL 5 @10 TAB,CEFIXIME 200 MG NOVELL 5 @10 TAB
STROCAIN TAB 10 STR @  10 TAB,POLYMIGEL
LAMESON 4 10 STR @ 10 TAB,METHYLPREDNISOLONE (RADANG)
CITICOLINE 1000 MG 3 STR @ 10 TAB BERNO,kognitif otak
CLINOVIR 400 MG 3 STR @ 10 TAB,ACYCLOVIR
KENACORT 4 MG 10 STR @ 10 TAB,TRIAMCINOLONE (JAMUR)
ALDACTONE 100 MG 10 STR @ 10 TAB,SPIRONOLACTONE
BECOM-ZET (10x10 tab),VITAMIN
NARFOZ 8 MG 2 STR @ 6 TAB,ONDANSETRON
CEDOCARD RETARD 20 MG 6 STR @ 10 TAB,ISOSORBIDE DINITRATE
STUGERON 25 STR @ 10 TAB,SAKIT KEPALA
IRVELL 150 MG 2 STR @ 10 TAB,IRBESARTAN (HYPERTENSI)
AMLODIPINE 10 MG BERNO 10 STR @ 10 TAB,HYPERTENSI
DEXAMETHASON HARSEN 0.5 MG TAB,DEXAMETHASON HARSEN 0.5 MG TAB
POLYCROL TAB FORT  24 STR @ 10 TAB,METHYLPOLYSILOXANUM
SALBUTAMOL 4 MG 10 STR @ 10 TAB IF,"ASMA, BRONKITIS KRONIS"
SUTRA OK HITAM @ 3 PCS,SUTRA OK HITAM @ 3 PCS
PROVULA 50 MG 3 STR @10 TAB,PROVULA 50 MG 3 STR @10 TAB
TEBOKAN 40 MG 10 STR @ 10 TAB,EGB 761 40 MG
PROMAG TAB  BOX 3 STR @12 TAB,OBAT MAAG
NEO RHEUMACYL KOYO HANGAT BOX 10 SCHT @ 10 PCS,NEO RHEUMACYL KOYO HANGAT BOX 10 SCHT @ 10 PCS
CAPTOPRIL 12.5 MG 10 STR @ 10 TAB IF,DARAH TINGGI
BETAHISTINE 6 MG 3 STR @ 10 TAB NOVELL,ALERGI
MEDIXON 8 MG 10 STR @ 10 TAB,METHYLPREDNISOLONE (RADANG)
LACBON 10 STR @ 10 TAB,LACTOBACILUS
VALSARTAN 160 MG 5 STR @ 6 TAB,VALSARTAN
PRIMOLUT 5 MG 3 STR @ 10 TAB,NORETHISTERONE
AMARYL 4 MG 3 STR @ 10 TAB,GLIMEPIRIDE (DIABETES)
CEDOCARD 5 MG 6 STR @ 10 TAB,ISOSORBIDE DINITRATE (JANTUNG)
OSTELOX 15MG 2 STR @ 10 TAB,OSTELOX 15 2 STR @ 10 TAB
ISONIAZIDE 300 MG KF BOX 10 STR @ 10 TAB,ISONIAZIDE 300 MG KF BOX 10 STR @ 10 TAB
MAGASIDA @10 STR,MEREDAKAN ASAM LAMBUNG BERLEBIHAN
FOLAVIT 400 MG BOX 10 STR @ 10 TAB,FOLAVIT 400 MG BOX 10 STR @ 10 TAB
NEUROBION 25 STR @10 TAB,NEUROBION 25 STR @10 TAB
KONIDIN TAB 1 STR @ 4 TAB,KONIDIN
TOLAK ANGIN CAIR MADU @12 SCHT,TOLAK ANGIN CAIR MADU @12 SCHT
DEXTRAL FORTE 10 STR @10 TAB,MERINGANKAN BATUK DAN PILEK
METRONIDAZOLE 500MG 10 @10 TAB BERNO,METRONIDAZOLE 500MG 10 @10 TAB BERNO
AMINORAL (KETO ACIDS) 10 STR @ 10 TAB,AMINORAL (KETO ACIDS)10X10
VALDRES 25 MG 3 STR @ 10 TAB,DIPHENHYDRAMINE (GANGGUAN TIDUR)
MUCERA 30 MG TAB,MUCERA 30 MG TAB
ALLORIS 10 MG 10 STR @ 10 TAB,LORATADINE (ALERGI)
HARNAL D 0.2 MG 2 STR @ 14 TAB,TAMSULOSIN H.(PROSTATE)
CAVIT D3 @10 STRIP,KALSIUM DA VIT D3 (PEMADATAN TULANG)
GASTRUCID 10 STR @10 TAB,GASTRUCID 10 STR @10 TAB
VENTOLIN 2 MG 3 STR @ 10 TAB,SALBUTAMOL (ASMA)
CETIRIZINE 10 MG 5 STR @ 10 TAB NOVELL,ALERGI
"CINOLON 2,5% 10 GR CREAM","CINOLON 2,5% 10 GR CREAM"
PLANOTAB PIL KB TAB,PLANOTAB PIL KB TAB
CANDESARTAN DEXA MEDICA TAB 8MG  BOX 3 STR @ 10 TAB,CANDERSARTAN
DEXAMETHASONE HARSEN 0.75 MG TAB,DEXAMETHASONE HARSEN 0.75 MG TAB
LODIA 2 MG 6 STR @ 10 TAB,LOPERAMIDE
KOMIX RASA JAHE @ 30 SCHT,BATUK
MUCOHEXIN 8MG BOX 25 STR @ 4 TAB,MUCOHEXIN 8MG BOX 25 STR @ 4 TAB
LIPITOR 20 MG 3 STR @ 10 TAB,ATORVASTATIN (KOLESTEROL)
LAPIMOX 500MG 100 tab,AMOXICILIN
MOTILIUM 10 MG 5 STR @ 10 TAB,"DOMPERIDONE (MUAL, MUNTAH)"
"DRAMAMINE TAB 50MG  BOX, 10 STR @ 10 TAB",DIMENHYDRINATE
ALDACTONE 25 MG 10 STR @ 10 TAB,SPIRONOLACTONE
LAMESON 8 MG 10 STR @ 10 TAB,METHYLPREDNISOLONE (RADANG)
KOMIX JERUK NIPIS @ 30 SCHT,MEREDAKAN BATUK DAN TENGGOROKAN GATAL
VICKS FORMULA 44 SYRUP 54ML,BATUK TIDAK BERDAHAK DISERTAI BERSIN/ALERGI
AMLODIPINE 5 MG DEXA 5 STR @ 10 TAB,HYPERTENSI
IRVELL 300 MG 2 STR @ 10 TAB,IRBESARTAN (HYPERTENSI)
URISPAS 200 MG 3 STR @ 10 TAB,FLAVOXATE (SALURAN KENCING)
AMBROXOL NOVELL 10 STR @ 10 TAB,AMBROXOL NOVELL 10 STR @ 10 TAB
CIPROFLOXACIN NOVELL 500 MG TAB,CIPROFLOXACIN NOVELL 500 MG TAB
DEXTAMINE 30 STR @ 10 TAB,"DEXAMETHASONE, DEXCHLORPHENIRAMINE (ALERGI)"
DEXTEEM 10 STR @10 TAB,DEXTEEM 10 STR @10 TAB
ALDISA SR 5 STR @ 10 CAP,"LORATADINE, PSEUDOEPHEDRINE"
LODIA 2 MG 6 STR @ 10 TAB,LOPERAMIDE
HISTRINE 10mg 3 st x 10 tablet,HISTRINE 10mg 3 st x 10 tablet
PRIMPERAN 10 MG 10 STR @ 10 TAB,"METOCLOPRAMIDE (MUAL, MUNTAH)"
MEFIX 500 MG TAB,MEFIX 500 MG TAB
BETADINE VAGINAL DOUCHE 100 ML + BOTOL UKURAN,MENJAGA KEBERSIHAN DAN KESEGARAN VAGINA
ACYCLOVIR 5% SALEP 5 Gr IF,OBAT HERPES
PROLIC 150 MG 10 STR @ 10 CAP,CLINDAMYCIN (ANTIBIOTIK)
BURNAZIN CRM G 10MG/G 35G TUB,BURNAZIN
ERYSANBE 500 MG 10 STR @ 10 TAB,ERYSANBE 500 100cap
VOLTAREN EMUGEL 1% 20 GR,VOLTAREN EMUGEL 1% 20 GR
FARSORBID 10 MG 10 STR @ 10 TAB,ISOSORBIDE
FARSORBID 5 MG 10 STR @ 10 TAB,ISOSORBIDE
NEBACETIN POWDER 5 GR,NEOMYCIN + BACITRACIN
KLODERMA OINT 0.05% 5GR,CLOBETASOL PROPIONATE
CEFAT 125 MG 60 ML SYRUP,CEFAT 125 MG 60 ML SYRUP
CEFAT FORTE SYR 60 ML/FLS,CEFAT FORTE SYR 60 ML/FLS
ALLOPURINOL DEXA MEDICA 100 MG @100 TAB,ALLOPURINOL DEXA MEDICA 100 MG @100 TAB
CAPTOPRIL 50 MG 10 STR @ 10 TAB IF,HYPERTENSI
CLOPIDOGREL HEXPHARM JAYA 75 MG TAB,CLOPIDOGREL HEXPHARM JAYA 75 MG TAB
AMBROXOL BERNOFARM 30 MG/5 ML SYRUP 60 ML,AMBROXOL BERNOFARM 30 MG/5 ML SYRUP 60 ML
FLUIMUCIL DRY SYRUP 75 ML,ACETYLCYSTEINE
AVAMYS 120 SPRAY (INHALER),FLUTICASONE FUROATE (BATUK PILEK)
KALMOXILLIN 500MG CAP 10 @10 CAP,KALMOXILLIN 500MG CAP 10 @10 CAP
MOLACORT 0.5 MG 10 STR @10 TAB,MOLACORT 0.5 MG 10 STR @10 TAB
PHENYTOIN IKA 100MG 100 CAP,PHENYTOIN IKA 100MG 100 CAP
DIABETASOL VITA DIGEST RASA COKLAT 185 GRAM,DIABETASOL VITA DIGEST RASA COKLAT 185 GRAM
ALPARA CAP BOX 10 STR @ 10 CAP,ALPARA
URINTER 10 STR @ 10 TAB,URINTER TAB
"LASMALIN 2,5 MG TAB","LASMALIN 2,5 MG TAB"
NEO ENTROSTOP BOX 2 STR @ 10 TAB,NEO ENTROSTOP BOX 2 STR @ 10 TAB
PARAMEX STR 4 TAB,PARAMEX STR 4 TAB
BIOVISION BOX 10 STR @ 10 KAPSUL,BIOVISION 10 STR @ 10 KAPSUL
HEROCYN BEDAK 150GR,"KULIT BIANG KERINGAT, GATAL-GATAL"
LACTACYD LIQUID BABY SKIN CARE 60 ML,MERAWAT KULIT TERKENA RUAM POPOK
Y RINS 120 ML,Y RINS 120 ML
ALCO ORAL DROP 15ML BTL,ALCO ORAL DROP 15ML BTL
MATOVIT FIFTY @ 3 STRIP,MEMBANTU MENJAGA KESEHATAN MATA
NEO HORMOVITON 5 STR @10CAP,NEO HORMOVITON 5 STR @10CAP
PEDITOX LOT 5MG 1 BTL @ 50ML,PERMETHRIN
"PROLACTA DHA BABY BOX, 5 STR @ 10 CAP",SUPLEMEN MAKAN BAYI
HUFAGRIP BP 60ml,HUFAGRIPP BP 60ml
OBH COMBI PLUS BATUK FLU RASA MENTHOL 100 ML,OBH COMBI PLUS BATUK FLU RASA MENTHOL 100 ML
MINYAK TELON KONICARE PLUS 125 ML BTL,MINYAK TELON KONICARE PLUS 125 ML BTL
COUNTERPAIN COOL 30GR,"MERINGANKAN RASA SAKIT OTOT KARENA OLAHRAGA, KESELEO, MEMAR, NYERI PUNGGUNG"
MIPI ROLL ON 10ML GREEN TEA,PEREDA NYERI OTOT
BIOLYSIN KIDS STRAWBERRY BOTOL 30 TAB,BIOLYSIN KIDS STRAWBERRY BOTOL 30 TAB
EMTRIX 10 ML,"MERAWAT KUKU, MENGEMBALIKAN TAMPILAN KUKU YANG SEHAT"
OBH ITRASAL 100ML,OBH ITRASAL 100ML
TREMENZA SIRUP 60 ML,TREMENZA SIRUP 60 ML
HEMAVITON STAMINA PLUS 30CAP,MEMBANTU MEMULIHKAN STAMINA DAN MEMELIHARA DAYA KONSENTRASI
ALOCLAIR GARGLE 60ML,ALOCLAIR GARGLE 60ML
OMEPROS 60 CAP,MEMBANTU MENGURANGI LEMAK DARAH
RENALYTE CAIR,RENALYTE CAIR
IKADRYL FLU SYR  BTL @ 100 ML,IKADRYL
IKADRYL FLU RASA APEL SYRUP 60 ML,IKADRYL FLU RASA APEL SYRUP 60 ML
